[
  {
    "customer_id": 101,
    "first_name": "Ravi",
    "last_name": "Yadav",
    "email": "user101@example.com",
    "phone": "9887654321",
    "city": "Delhi",
    "registration_date": "2023-09-14"
  },
  {
    "customer_id": 102,
    "first_name": "Nina",
    "last_name": "Joshi",
    "email": "user102@example.com",
    "phone": "9876543210",
    "city": "Mumbai",
    "registration_date": "2024-01-21"
  },
  {
    "customer_id": 103,
    "first_name": "Sonal",
    "last_name": "Sharma",
    "email": "user103@example.com",
    "phone": "9865432109",
    "city": "Bangalore",
    "registration_date": "2023-07-10"
  },
  {
    "customer_id": 104,
    "first_name": "Karan",
    "last_name": "Patel",
    "email": "user104@example.com",
    "phone": "9854321098",
    "city": "Hyderabad",
    "registration_date": "2024-02-05"
  },
  {
    "customer_id": 105,
    "first_name": "Riya",
    "last_name": "Singh",
    "email": "user105@example.com",
    "phone": "9843210987",
    "city": "Chennai",
    "registration_date": "2023-06-28"
  },
  {
    "customer_id": 106,
    "first_name": "Ajay",
    "last_name": "Mishra",
    "email": "user106@example.com",
    "phone": "9832109876",
    "city": "Pune",
    "registration_date": "2024-03-10"
  },
  {
    "customer_id": 107,
    "first_name": "Priya",
    "last_name": "Kapoor",
    "email": "user107@example.com",
    "phone": "9821098765",
    "city": "Ahmedabad",
    "registration_date": "2023-05-12"
  },
  {
    "customer_id": 108,
    "first_name": "Rahul",
    "last_name": "Verma",
    "email": "user108@example.com",
    "phone": "9810987654",
    "city": "Kolkata",
    "registration_date": "2023-08-19"
  },
  {
    "customer_id": 109,
    "first_name": "Pooja",
    "last_name": "Mehta",
    "email": "user109@example.com",
    "phone": "9809876543",
    "city": "Delhi",
    "registration_date": "2024-04-01"
  },
  {
    "customer_id": 110,
    "first_name": "Deepak",
    "last_name": "Nair",
    "email": "user110@example.com",
    "phone": "9798765432",
    "city": "Mumbai",
    "registration_date": "2023-10-14"
  },
  {
    "customer_id": 111,
    "first_name": "Sneha",
    "last_name": "Joshi",
    "email": "user111@example.com",
    "phone": "9787654321",
    "city": "Bangalore",
    "registration_date": "2024-01-01"
  },
  {
    "customer_id": 112,
    "first_name": "Manoj",
    "last_name": "Sharma",
    "email": "user112@example.com",
    "phone": "9776543210",
    "city": "Hyderabad",
    "registration_date": "2023-09-30"
  },
  {
    "customer_id": 113,
    "first_name": "Divya",
    "last_name": "Singh",
    "email": "user113@example.com",
    "phone": "9765432109",
    "city": "Chennai",
    "registration_date": "2024-02-18"
  },
  {
    "customer_id": 114,
    "first_name": "Suresh",
    "last_name": "Patel",
    "email": "user114@example.com",
    "phone": "9754321098",
    "city": "Pune",
    "registration_date": "2023-11-25"
  },
  {
    "customer_id": 115,
    "first_name": "Anita",
    "last_name": "Yadav",
    "email": "user115@example.com",
    "phone": "9743210987",
    "city": "Ahmedabad",
    "registration_date": "2023-07-05"
  },
  {
    "customer_id": 116,
    "first_name": "Rakesh",
    "last_name": "Kapoor",
    "email": "user116@example.com",
    "phone": "9732109876",
    "city": "Kolkata",
    "registration_date": "2023-06-15"
  },
  {
    "customer_id": 117,
    "first_name": "Neha",
    "last_name": "Verma",
    "email": "user117@example.com",
    "phone": "9721098765",
    "city": "Delhi",
    "registration_date": "2024-03-01"
  },
  {
    "customer_id": 118,
    "first_name": "Vikram",
    "last_name": "Mehta",
    "email": "user118@example.com",
    "phone": "9710987654",
    "city": "Mumbai",
    "registration_date": "2023-04-22"
  },
  {
    "customer_id": 119,
    "first_name": "Kunal",
    "last_name": "Nair",
    "email": "user119@example.com",
    "phone": "9709876543",
    "city": "Bangalore",
    "registration_date": "2023-08-10"
  },
  {
    "customer_id": 120,
    "first_name": "Alka",
    "last_name": "Mishra",
    "email": "user120@example.com",
    "phone": "9698765432",
    "city": "Hyderabad",
    "registration_date": "2023-12-01"
  },
  {
    "customer_id": 121,
    "first_name": "Sanjay",
    "last_name": "Patel",
    "email": "user121@example.com",
    "phone": "9687654321",
    "city": "Chennai",
    "registration_date": "2024-01-10"
  },
  {
    "customer_id": 122,
    "first_name": "Tina",
    "last_name": "Kapoor",
    "email": "user122@example.com",
    "phone": "9676543210",
    "city": "Pune",
    "registration_date": "2023-09-20"
  },
  {
    "customer_id": 123,
    "first_name": "Arjun",
    "last_name": "Yadav",
    "email": "user123@example.com",
    "phone": "9665432109",
    "city": "Ahmedabad",
    "registration_date": "2024-02-25"
  },
  {
    "customer_id": 124,
    "first_name": "Kavita",
    "last_name": "Sharma",
    "email": "user124@example.com",
    "phone": "9654321098",
    "city": "Kolkata",
    "registration_date": "2023-11-15"
  },
  {
    "customer_id": 125,
    "first_name": "Tarun",
    "last_name": "Verma",
    "email": "user125@example.com",
    "phone": "9643210987",
    "city": "Delhi",
    "registration_date": "2024-04-05"
  },
  {
    "customer_id": 126,
    "first_name": "Bhavna",
    "last_name": "Nair",
    "email": "user126@example.com",
    "phone": "9632109876",
    "city": "Mumbai",
    "registration_date": "2023-07-17"
  },
  {
    "customer_id": 127,
    "first_name": "Rohit",
    "last_name": "Mehta",
    "email": "user127@example.com",
    "phone": "9621098765",
    "city": "Bangalore",
    "registration_date": "2023-08-30"
  },
  {
    "customer_id": 128,
    "first_name": "Simran",
    "last_name": "Joshi",
    "email": "user128@example.com",
    "phone": "9610987654",
    "city": "Hyderabad",
    "registration_date": "2023-06-11"
  },
  {
    "customer_id": 129,
    "first_name": "Vivek",
    "last_name": "Singh",
    "email": "user129@example.com",
    "phone": "9609876543",
    "city": "Chennai",
    "registration_date": "2024-02-12"
  },
  {
    "customer_id": 130,
    "first_name": "Tanvi",
    "last_name": "Kapoor",
    "email": "user130@example.com",
    "phone": "9598765432",
    "city": "Pune",
    "registration_date": "2023-12-22"
  },
  {
    "customer_id": 131,
    "first_name": "Gaurav",
    "last_name": "Patel",
    "email": "user131@example.com",
    "phone": "9587654321",
    "city": "Ahmedabad",
    "registration_date": "2023-10-05"
  },
  {
    "customer_id": 132,
    "first_name": "Reena",
    "last_name": "Sharma",
    "email": "user132@example.com",
    "phone": "9576543210",
    "city": "Kolkata",
    "registration_date": "2024-03-20"
  },
  {
    "customer_id": 133,
    "first_name": "Ishaan",
    "last_name": "Verma",
    "email": "user133@example.com",
    "phone": "9565432109",
    "city": "Delhi",
    "registration_date": "2023-07-03"
  },
  {
    "customer_id": 134,
    "first_name": "Jaya",
    "last_name": "Yadav",
    "email": "user134@example.com",
    "phone": "9554321098",
    "city": "Mumbai",
    "registration_date": "2023-08-08"
  },
  {
    "customer_id": 135,
    "first_name": "Sakshi",
    "last_name": "Mishra",
    "email": "user135@example.com",
    "phone": "9543210987",
    "city": "Bangalore",
    "registration_date": "2023-06-29"
  },
  {
    "customer_id": 136,
    "first_name": "Nilesh",
    "last_name": "Kapoor",
    "email": "user136@example.com",
    "phone": "9532109876",
    "city": "Hyderabad",
    "registration_date": "2024-01-30"
  },
  {
    "customer_id": 137,
    "first_name": "Shweta",
    "last_name": "Mehta",
    "email": "user137@example.com",
    "phone": "9521098765",
    "city": "Chennai",
    "registration_date": "2023-05-06"
  },
  {
    "customer_id": 138,
    "first_name": "Yash",
    "last_name": "Singh",
    "email": "user138@example.com",
    "phone": "9510987654",
    "city": "Pune",
    "registration_date": "2023-10-18"
  },
  {
    "customer_id": 139,
    "first_name": "Harsha",
    "last_name": "Patel",
    "email": "user139@example.com",
    "phone": "9509876543",
    "city": "Ahmedabad",
    "registration_date": "2024-03-08"
  },
  {
    "customer_id": 140,
    "first_name": "Vipin",
    "last_name": "Joshi",
    "email": "user140@example.com",
    "phone": "9498765432",
    "city": "Kolkata",
    "registration_date": "2023-09-07"
  },
  {
    "customer_id": 141,
    "first_name": "Rachna",
    "last_name": "Nair",
    "email": "user141@example.com",
    "phone": "9487654321",
    "city": "Delhi",
    "registration_date": "2024-02-27"
  },
  {
    "customer_id": 142,
    "first_name": "Lokesh",
    "last_name": "Mishra",
    "email": "user142@example.com",
    "phone": "9476543210",
    "city": "Mumbai",
    "registration_date": "2023-04-25"
  },
  {
    "customer_id": 143,
    "first_name": "Payal",
    "last_name": "Sharma",
    "email": "user143@example.com",
    "phone": "9465432109",
    "city": "Bangalore",
    "registration_date": "2023-08-16"
  },
  {
    "customer_id": 144,
    "first_name": "Abhay",
    "last_name": "Yadav",
    "email": "user144@example.com",
    "phone": "9454321098",
    "city": "Hyderabad",
    "registration_date": "2024-01-06"
  },
  {
    "customer_id": 145,
    "first_name": "Ritu",
    "last_name": "Kapoor",
    "email": "user145@example.com",
    "phone": "9443210987",
    "city": "Chennai",
    "registration_date": "2023-11-09"
  },
  {
    "customer_id": 146,
    "first_name": "Dev",
    "last_name": "Mehta",
    "email": "user146@example.com",
    "phone": "9432109876",
    "city": "Pune",
    "registration_date": "2023-07-27"
  },
  {
    "customer_id": 147,
    "first_name": "Shikha",
    "last_name": "Singh",
    "email": "user147@example.com",
    "phone": "9421098765",
    "city": "Ahmedabad",
    "registration_date": "2023-10-12"
  },
  {
    "customer_id": 148,
    "first_name": "Mahesh",
    "last_name": "Patel",
    "email": "user148@example.com",
    "phone": "9410987654",
    "city": "Kolkata",
    "registration_date": "2024-02-15"
  },
  {
    "customer_id": 149,
    "first_name": "Tanya",
    "last_name": "Verma",
    "email": "user149@example.com",
    "phone": "9409876543",
    "city": "Delhi",
    "registration_date": "2023-06-20"
  },
  {
    "customer_id": 150,
    "first_name": "Aman",
    "last_name": "Joshi",
    "email": "user150@example.com",
    "phone": "9398765432",
    "city": "Mumbai",
    "registration_date": "2023-05-31"
  }

]
